tick,event,atm_min,atm_max,atm_mean,wave_p_min,wave_p_max,fire_max,smoke_max,wave_source_max
0,,1.0000,1.0000,1.0000,0.0000,0.0000,0.0000,0.0000,0.0000
1,,1.0000,1.0000,1.0000,0.0000,0.0000,0.0000,0.0000,0.0000
2,,1.0000,1.0000,1.0000,0.0000,0.0000,0.0000,0.0000,0.0000
3,,1.0000,1.0000,1.0000,0.0000,0.0000,0.0000,0.0000,0.0000
4,,1.0000,1.0000,1.0000,0.0000,0.0000,0.0000,0.0000,0.0000
5,,1.0000,1.0000,1.0000,0.0000,0.0000,0.0000,0.0000,0.0000
6,,1.0000,1.0000,1.0000,0.0000,0.0000,0.0000,0.0000,0.0000
7,,1.0000,1.0000,1.0000,0.0000,0.0000,0.0000,0.0000,0.0000
8,,1.0000,1.0000,1.0000,0.0000,0.0000,0.0000,0.0000,0.0000
9,,1.0000,1.0000,1.0000,0.0000,0.0000,0.0000,0.0000,0.0000
10,"grenade at (30, 37)",0.9983,1.0584,1.0006,-0.5773,1.4432,0.0000,0.0000,0.0009
11,,0.9966,1.0275,1.0009,-1.1957,1.0798,0.0000,0.0000,0.0009
12,,0.9948,1.0254,1.0012,-0.7081,1.1697,0.0000,0.0000,0.0009
13,,0.9938,1.0219,1.0014,-0.5636,0.7690,0.0000,0.0000,0.0009
14,,0.9929,1.0160,1.0017,-1.0164,0.6024,0.0000,0.0000,0.0009
15,,0.9933,1.0212,1.0020,-0.4927,0.7243,0.0000,0.0000,0.0009
16,,0.9937,1.0163,1.0023,-0.4931,1.0310,0.0000,0.0000,0.0009
17,,0.9944,1.0137,1.0025,-0.4578,0.4999,0.0000,0.0000,0.0009
18,,0.9953,1.0164,1.0028,-0.3159,0.4736,0.0000,0.0000,0.0009
19,,0.9954,1.0128,1.0031,-0.2575,0.3670,0.0000,0.0000,0.0009
20,,0.9966,1.0138,1.0033,-0.2265,0.4419,0.0000,0.0000,0.0009
21,,0.9974,1.0140,1.0036,-0.2293,0.2434,0.0000,0.0000,0.0009
22,,0.9983,1.0118,1.0039,-0.2274,0.2762,0.0000,0.0000,0.0009
23,,0.9994,1.0132,1.0041,-0.1836,0.3281,0.0000,0.0000,0.0009
24,,0.9997,1.0108,1.0044,-0.1529,0.4085,0.0000,0.0000,0.0009
25,,1.0002,1.0116,1.0047,-0.0653,0.2201,0.0000,0.0000,0.0009
26,,1.0003,1.0117,1.0049,-0.1108,0.1573,0.0000,0.0000,0.0009
27,,1.0005,1.0119,1.0052,-0.0484,0.2280,0.0000,0.0000,0.0009
28,,1.0006,1.0118,1.0055,-0.0814,0.1550,0.0000,0.0000,0.0009
29,,1.0008,1.0123,1.0057,-0.0668,0.1420,0.0000,0.0000,0.0009
30,,1.0007,1.0123,1.0060,-0.0337,0.1160,0.0000,0.0000,0.0009
31,,1.0011,1.0126,1.0063,-0.0115,0.1364,0.0000,0.0000,0.0009
32,,1.0012,1.0133,1.0065,-0.0185,0.1134,0.0000,0.0000,0.0009
33,,1.0014,1.0132,1.0068,-0.0088,0.1076,0.0000,0.0000,0.0009
34,,1.0014,1.0138,1.0071,-0.0022,0.0971,0.0000,0.0000,0.0009
35,,1.0018,1.0137,1.0074,0.0000,0.0997,0.0000,0.0000,0.0009
36,,1.0022,1.0138,1.0076,0.0000,0.0807,0.0000,0.0000,0.0009
37,,1.0026,1.0142,1.0079,0.0000,0.0790,0.0000,0.0000,0.0009
38,,1.0028,1.0141,1.0082,0.0000,0.0835,0.0000,0.0000,0.0009
39,,1.0031,1.0144,1.0084,0.0000,0.0782,0.0000,0.0000,0.0009
40,,1.0035,1.0146,1.0087,0.0000,0.0725,0.0000,0.0000,0.0009
41,,1.0038,1.0147,1.0090,0.0000,0.0680,0.0000,0.0000,0.0009
42,,1.0042,1.0149,1.0092,0.0000,0.0659,0.0000,0.0000,0.0009
43,,1.0045,1.0151,1.0095,0.0000,0.0640,0.0000,0.0000,0.0009
44,,1.0048,1.0153,1.0098,0.0000,0.0642,0.0000,0.0000,0.0009
45,,1.0050,1.0156,1.0100,0.0000,0.0669,0.0000,0.0000,0.0009
46,,1.0053,1.0158,1.0103,0.0000,0.0580,0.0000,0.0000,0.0009
47,,1.0056,1.0160,1.0106,0.0000,0.0575,0.0000,0.0000,0.0009
48,,1.0058,1.0163,1.0108,0.0000,0.0564,0.0000,0.0000,0.0009
49,,1.0061,1.0165,1.0111,0.0000,0.0577,0.0000,0.0000,0.0009
50,,1.0064,1.0167,1.0114,0.0000,0.0557,0.0000,0.0000,0.0009
51,,1.0066,1.0170,1.0116,0.0000,0.0571,0.0000,0.0000,0.0009
52,,1.0069,1.0172,1.0119,0.0000,0.0546,0.0000,0.0000,0.0009
53,,1.0072,1.0175,1.0122,0.0000,0.0532,0.0000,0.0000,0.0009
54,,1.0074,1.0177,1.0125,0.0000,0.0516,0.0000,0.0000,0.0009
55,,1.0077,1.0180,1.0127,0.0000,0.0516,0.0000,0.0000,0.0009
56,,1.0080,1.0182,1.0130,0.0000,0.0517,0.0000,0.0000,0.0009
57,,1.0082,1.0185,1.0133,0.0000,0.0509,0.0000,0.0000,0.0009
58,,1.0085,1.0187,1.0135,0.0000,0.0511,0.0000,0.0000,0.0009
59,,1.0088,1.0190,1.0138,0.0000,0.0506,0.0000,0.0000,0.0009
60,"grenade at (90, 37)",1.0074,1.0679,1.0147,-0.5291,1.7163,0.0000,0.0000,0.0009
61,,1.0111,1.0381,1.0152,-1.0410,1.1352,0.0000,0.0000,0.0009
62,,1.0103,1.0352,1.0158,-0.6039,1.2878,0.0000,0.0000,0.0009
63,,1.0132,1.0320,1.0163,-0.6841,0.8453,0.0000,0.0000,0.0009
64,,1.0126,1.0270,1.0169,-0.7842,0.7136,0.0000,0.0000,0.0009
65,,1.0134,1.0322,1.0174,-0.4848,0.9743,0.0000,0.0000,0.0009
66,,1.0139,1.0287,1.0179,-0.4152,1.0726,0.0000,0.0000,0.0009
67,,1.0147,1.0251,1.0185,-0.3350,0.5900,0.0000,0.0000,0.0009
68,,1.0156,1.0281,1.0190,-0.2430,0.5028,0.0000,0.0000,0.0009
69,,1.0164,1.0245,1.0195,-0.2242,0.4868,0.0000,0.0000,0.0009
70,,1.0183,1.0257,1.0201,-0.3117,0.5011,0.0000,0.0000,0.0009
71,,1.0171,1.0264,1.0206,-0.2003,0.3002,0.0000,0.0000,0.0009
72,,1.0201,1.0247,1.0212,-0.1884,0.3356,0.0000,0.0000,0.0009
73,,1.0198,1.0267,1.0217,-0.1278,0.3160,0.0000,0.0000,0.0009
74,,1.0200,1.0240,1.0222,-0.1060,0.2444,0.0000,0.0000,0.0009
75,,1.0211,1.0253,1.0228,-0.0923,0.2494,0.0000,0.0000,0.0009
76,,1.0214,1.0255,1.0233,-0.0280,0.2495,0.0000,0.0000,0.0009
77,,1.0222,1.0261,1.0238,-0.0498,0.2440,0.0000,0.0000,0.0009
78,,1.0229,1.0266,1.0244,0.0000,0.1820,0.0000,0.0000,0.0009
79,,1.0233,1.0272,1.0249,-0.0134,0.1834,0.0000,0.0000,0.0009
80,,1.0246,1.0278,1.0254,0.0000,0.1602,0.0000,0.0000,0.0009
81,,1.0250,1.0278,1.0260,0.0000,0.1815,0.0000,0.0000,0.0009
82,,1.0257,1.0287,1.0265,0.0000,0.1445,0.0000,0.0000,0.0009
83,,1.0263,1.0291,1.0271,0.0000,0.1433,0.0000,0.0000,0.0009
84,,1.0269,1.0299,1.0276,0.0000,0.1409,0.0000,0.0000,0.0009
85,,1.0272,1.0303,1.0281,0.0000,0.1387,0.0000,0.0000,0.0009
86,,1.0280,1.0305,1.0287,0.0000,0.1347,0.0000,0.0000,0.0009
87,,1.0284,1.0311,1.0292,0.0000,0.1321,0.0000,0.0000,0.0009
88,,1.0291,1.0313,1.0297,0.0000,0.1250,0.0000,0.0000,0.0009
89,,1.0298,1.0317,1.0303,0.0000,0.1191,0.0000,0.0000,0.0009
90,,1.0303,1.0323,1.0308,0.0000,0.1138,0.0000,0.0000,0.0009
91,,1.0309,1.0327,1.0313,0.0000,0.1149,0.0000,0.0000,0.0009
92,,1.0314,1.0332,1.0319,0.0000,0.1124,0.0000,0.0000,0.0009
93,,1.0319,1.0336,1.0324,0.0000,0.1102,0.0000,0.0000,0.0009
94,,1.0325,1.0341,1.0330,0.0000,0.1152,0.0000,0.0000,0.0009
95,,1.0331,1.0346,1.0335,0.0000,0.1094,0.0000,0.0000,0.0009
96,,1.0335,1.0350,1.0340,0.0000,0.1063,0.0000,0.0000,0.0009
97,,1.0342,1.0356,1.0346,0.0000,0.1043,0.0000,0.0000,0.0009
98,,1.0347,1.0361,1.0351,0.0000,0.1049,0.0000,0.0000,0.0009
99,,1.0353,1.0366,1.0356,0.0000,0.1069,0.0000,0.0000,0.0009
100,,1.0358,1.0371,1.0362,0.0000,0.1044,0.0000,0.0000,0.0009
101,,1.0363,1.0376,1.0367,0.0000,0.1031,0.0000,0.0000,0.0009
102,,1.0368,1.0382,1.0373,0.0000,0.1021,0.0000,0.0000,0.0009
103,,1.0374,1.0387,1.0378,0.0000,0.1013,0.0000,0.0000,0.0009
104,,1.0379,1.0392,1.0383,0.0000,0.1012,0.0000,0.0000,0.0009
105,,1.0385,1.0397,1.0389,0.0000,0.1009,0.0000,0.0000,0.0009
106,,1.0390,1.0402,1.0394,0.0000,0.1005,0.0000,0.0000,0.0009
107,,1.0395,1.0407,1.0399,0.0000,0.0988,0.0000,0.0000,0.0009
108,,1.0401,1.0412,1.0405,0.0000,0.0995,0.0000,0.0000,0.0009
109,,1.0406,1.0418,1.0410,0.0000,0.0997,0.0000,0.0000,0.0009
110,,1.0412,1.0423,1.0415,0.0000,0.0983,0.0000,0.0000,0.0009
111,,1.0417,1.0428,1.0421,0.0000,0.0978,0.0000,0.0000,0.0009
112,,1.0423,1.0433,1.0426,0.0000,0.0979,0.0000,0.0000,0.0009
113,,1.0428,1.0438,1.0432,0.0000,0.0980,0.0000,0.0000,0.0009
114,,1.0434,1.0443,1.0437,0.0000,0.0977,0.0000,0.0000,0.0009
115,,1.0439,1.0449,1.0442,0.0000,0.0983,0.0000,0.0000,0.0009
116,,1.0444,1.0454,1.0448,0.0000,0.0974,0.0000,0.0000,0.0009
117,,1.0450,1.0459,1.0453,0.0000,0.0976,0.0000,0.0000,0.0009
118,,1.0455,1.0464,1.0458,0.0000,0.0972,0.0000,0.0000,0.0009
119,,1.0460,1.0470,1.0464,0.0000,0.0974,0.0000,0.0000,0.0009
120,ignite wood wall at x=60,1.0240,1.0475,1.0469,0.0000,0.0972,0.9121,0.0608,0.0009
121,,1.0189,1.0480,1.0474,0.0000,0.0970,1.0000,0.1258,0.0009
122,,1.0153,1.0485,1.0479,0.0000,0.0971,1.0000,0.1931,0.0009
123,,1.0145,1.0491,1.0484,0.0000,0.0969,1.0000,0.2559,0.0009
124,,1.0139,1.0496,1.0489,0.0000,0.0970,1.0000,0.3149,0.0009
125,,1.0135,1.0501,1.0494,0.0000,0.0969,1.0000,0.3707,0.0009
126,,1.0132,1.0506,1.0500,0.0000,0.0969,1.0000,0.4236,0.0009
127,,1.0130,1.0512,1.0505,0.0000,0.0969,1.0000,0.4741,0.0009
128,,1.0128,1.0517,1.0510,0.0000,0.0968,1.0000,0.5223,0.0009
129,,1.0127,1.0522,1.0515,0.0000,0.0968,1.0000,0.5735,0.0009
130,,1.0126,1.0528,1.0520,0.0000,0.0967,1.0000,0.6243,0.0009
131,,1.0125,1.0533,1.0525,0.0000,0.0967,1.0000,0.6734,0.0009
132,,1.0124,1.0538,1.0530,0.0000,0.0968,1.0000,0.7209,0.0009
133,,1.0124,1.0543,1.0535,0.0000,0.0968,1.0000,0.7669,0.0009
134,,1.0123,1.0549,1.0540,0.0000,0.0968,1.0000,0.8116,0.0009
135,,1.0122,1.0554,1.0544,0.0000,0.0967,1.0000,0.8549,0.0009
136,,1.0122,1.0559,1.0549,0.0000,0.0967,1.0000,0.8970,0.0009
137,,1.0121,1.0565,1.0554,0.0000,0.0967,1.0000,0.9378,0.0009
138,,1.0120,1.0570,1.0559,0.0000,0.0967,1.0000,0.9776,0.0009
139,,1.0119,1.0575,1.0564,0.0000,0.0967,1.0000,1.0000,0.0009
140,,1.0118,1.0581,1.0569,0.0000,0.0967,1.0000,1.0000,0.0009
141,,1.0117,1.0586,1.0573,0.0000,0.0966,1.0000,1.0000,0.0009
142,,1.0116,1.0591,1.0578,0.0000,0.0966,1.0000,1.0000,0.0009
143,,1.0112,1.0597,1.0583,0.0000,0.0966,1.0000,1.0000,0.0009
144,,1.0107,1.0602,1.0588,0.0000,0.0966,1.0000,1.0000,0.0009
145,,1.0103,1.0607,1.0592,0.0000,0.0966,1.0000,1.0000,0.0009
146,,1.0099,1.0613,1.0597,0.0000,0.0966,1.0000,1.0000,0.0009
147,,1.0095,1.0618,1.0601,0.0000,0.0966,1.0000,1.0000,0.0009
148,,1.0090,1.0623,1.0606,0.0000,0.0966,1.0000,1.0000,0.0009
149,,1.0086,1.0629,1.0611,0.0000,0.0966,1.0000,1.0000,0.0009
150,,1.0082,1.0634,1.0615,0.0000,0.0966,1.0000,1.0000,0.0009
151,,1.0079,1.0639,1.0620,0.0000,0.0966,1.0000,1.0000,0.0009
152,,1.0075,1.0644,1.0624,0.0000,0.0966,1.0000,1.0000,0.0009
153,,1.0071,1.0650,1.0628,0.0000,0.0966,1.0000,1.0000,0.0009
154,,1.0067,1.0655,1.0633,0.0000,0.0966,1.0000,1.0000,0.0009
155,,1.0064,1.0660,1.0637,0.0000,0.0966,1.0000,1.0000,0.0009
156,,1.0060,1.0666,1.0642,0.0000,0.0966,1.0000,1.0000,0.0009
157,,1.0057,1.0671,1.0646,0.0000,0.0966,1.0000,1.0000,0.0009
158,,1.0054,1.0676,1.0650,0.0000,0.0966,1.0000,1.0000,0.0009
159,,1.0050,1.0682,1.0654,0.0000,0.0966,1.0000,1.0000,0.0009
160,,1.0047,1.0687,1.0659,0.0000,0.0966,1.0000,1.0000,0.0009
161,,1.0044,1.0692,1.0663,0.0000,0.0966,1.0000,1.0000,0.0009
162,,1.0041,1.0698,1.0667,0.0000,0.0966,1.0000,1.0000,0.0009
163,,1.0038,1.0703,1.0671,0.0000,0.0966,1.0000,1.0000,0.0009
164,,1.0035,1.0708,1.0675,0.0000,0.0966,1.0000,1.0000,0.0009
165,,1.0032,1.0713,1.0679,0.0000,0.0966,1.0000,1.0000,0.0009
166,,1.0029,1.0719,1.0684,0.0000,0.0966,1.0000,1.0000,0.0009
167,,1.0026,1.0724,1.0688,0.0000,0.0966,1.0000,1.0000,0.0009
168,,1.0024,1.0729,1.0692,0.0000,0.0966,1.0000,1.0000,0.0009
169,,1.0021,1.0735,1.0696,0.0000,0.0966,1.0000,1.0000,0.0009
170,,1.0019,1.0740,1.0700,0.0000,0.0966,1.0000,1.0000,0.0009
171,,1.0016,1.0745,1.0704,0.0000,0.0966,1.0000,1.0000,0.0009
172,,1.0014,1.0750,1.0707,0.0000,0.0966,1.0000,1.0000,0.0009
173,,1.0011,1.0756,1.0711,0.0000,0.0966,1.0000,1.0000,0.0009
174,,1.0009,1.0761,1.0715,0.0000,0.0966,1.0000,1.0000,0.0009
175,,1.0006,1.0766,1.0719,0.0000,0.0966,1.0000,1.0000,0.0009
176,,1.0004,1.0771,1.0723,0.0000,0.0966,1.0000,1.0000,0.0009
177,,1.0002,1.0777,1.0727,0.0000,0.0966,1.0000,1.0000,0.0009
178,,1.0000,1.0782,1.0730,0.0000,0.0966,1.0000,1.0000,0.0009
179,,0.9997,1.0787,1.0734,0.0000,0.0966,1.0000,1.0000,0.0009
180,,0.9995,1.0793,1.0738,0.0000,0.0966,1.0000,1.0000,0.0009
181,,0.9993,1.0798,1.0742,0.0000,0.0966,1.0000,1.0000,0.0009
182,,0.9991,1.0803,1.0745,0.0000,0.0966,1.0000,1.0000,0.0009
183,,0.9989,1.0809,1.0749,0.0000,0.0966,1.0000,1.0000,0.0009
184,,0.9987,1.0814,1.0752,0.0000,0.0966,1.0000,1.0000,0.0009
185,,0.9985,1.0819,1.0756,0.0000,0.0966,1.0000,1.0000,0.0009
186,,0.9983,1.0824,1.0760,0.0000,0.0966,1.0000,1.0000,0.0009
187,,0.9981,1.0830,1.0763,0.0000,0.0966,1.0000,1.0000,0.0009
188,,0.9979,1.0835,1.0767,0.0000,0.0966,1.0000,1.0000,0.0009
189,,0.9977,1.0840,1.0770,0.0000,0.0966,1.0000,1.0000,0.0009
190,,0.9975,1.0846,1.0773,0.0000,0.0966,1.0000,1.0000,0.0009
191,,0.9973,1.0851,1.0777,0.0000,0.0966,1.0000,1.0000,0.0009
192,,0.9971,1.0856,1.0780,0.0000,0.0966,1.0000,1.0000,0.0009
193,,0.9969,1.0861,1.0784,0.0000,0.0966,1.0000,1.0000,0.0009
194,,0.9967,1.0867,1.0787,0.0000,0.0966,1.0000,1.0000,0.0009
195,,0.9966,1.0872,1.0790,0.0000,0.0966,1.0000,1.0000,0.0009
196,,0.9964,1.0877,1.0794,0.0000,0.0966,1.0000,1.0000,0.0009
197,,0.9962,1.0882,1.0797,0.0000,0.0966,1.0000,1.0000,0.0009
198,,0.9960,1.0888,1.0800,0.0000,0.0966,1.0000,1.0000,0.0009
199,,0.9958,1.0893,1.0803,0.0000,0.0966,1.0000,1.0000,0.0009
200,"explosive on wood wall at (60, 20)",0.9953,1.0938,1.0810,-0.2125,4.8328,1.0000,1.0000,0.0009
201,,1.0352,1.1187,1.0835,-0.0057,3.1763,1.0000,1.0000,0.0009
202,,1.0385,1.1143,1.0871,0.0000,2.9568,1.0000,1.0000,0.0009
203,,1.0268,1.1114,1.0914,0.0000,2.4742,1.0000,1.0000,0.0009
204,,1.0314,1.1098,1.0964,0.0000,2.8020,1.0000,1.0000,0.0009
205,,1.0427,1.1141,1.1019,0.0000,2.3252,1.0000,1.0000,0.0009
206,,1.0484,1.1238,1.1077,0.0000,2.7801,1.0000,1.0000,0.0009
207,,1.0561,1.1335,1.1138,0.0000,2.3163,1.0000,1.0000,0.0009
208,,1.0538,1.1406,1.1202,0.0000,1.9932,1.0000,1.0000,0.0009
209,,1.0626,1.1402,1.1267,0.0000,2.0182,1.0000,1.0000,0.0009
210,,1.0725,1.1460,1.1334,0.0000,1.9091,1.0000,1.0000,0.0009
211,,1.0794,1.1553,1.1402,0.0000,1.9039,1.0000,1.0000,0.0009
212,,1.0821,1.1626,1.1471,0.0000,1.8083,1.0000,1.0000,0.0009
213,,1.0879,1.1706,1.1540,0.0000,1.8791,1.0000,1.0000,0.0009
214,,1.0974,1.1763,1.1610,0.0000,1.6654,1.0000,1.0000,0.0009
215,,1.1044,1.1813,1.1680,0.0000,1.6065,1.0000,1.0000,0.0009
216,,1.1080,1.1871,1.1751,0.0000,1.7164,1.0000,1.0000,0.0009
217,,1.1137,1.1964,1.1822,0.0000,1.5470,1.0000,1.0000,0.0009
218,,1.1223,1.2041,1.1893,0.0000,1.5909,1.0000,1.0000,0.0009
219,,1.1297,1.2106,1.1964,0.0000,1.5131,1.0000,1.0000,0.0009
220,,1.1354,1.2168,1.2035,0.0000,1.4944,1.0000,1.0000,0.0009
221,,1.1412,1.2236,1.2106,0.0000,1.4721,1.0000,1.0000,0.0009
222,,1.1470,1.2308,1.2178,0.0000,1.4781,1.0000,1.0000,0.0009
223,,1.1548,1.2382,1.2249,0.0000,1.4273,1.0000,1.0000,0.0009
224,,1.1604,1.2460,1.2321,0.0000,1.4346,1.0000,1.0000,0.0009
225,,1.1673,1.2524,1.2392,0.0000,1.4306,1.0000,1.0000,0.0009
226,,1.1714,1.2593,1.2464,0.0000,1.4156,1.0000,1.0000,0.0009
227,,1.1772,1.2665,1.2535,0.0000,1.4101,1.0000,1.0000,0.0009
228,,1.1845,1.2738,1.2607,0.0000,1.3928,1.0000,1.0000,0.0009
229,,1.1911,1.2812,1.2679,0.0000,1.3986,1.0000,1.0000,0.0009
230,,1.1964,1.2887,1.2750,0.0000,1.3794,1.0000,1.0000,0.0009
231,,1.2021,1.2956,1.2822,0.0000,1.3772,1.0000,1.0000,0.0009
232,,1.2089,1.3024,1.2893,0.0000,1.3691,1.0000,1.0000,0.0009
233,,1.2151,1.3096,1.2965,0.0000,1.3647,1.0000,1.0000,0.0009
234,,1.2211,1.3173,1.3037,0.0000,1.3600,1.0000,1.0000,0.0009
235,,1.2275,1.3246,1.3108,0.0000,1.3555,1.0000,1.0000,0.0009
236,,1.2339,1.3317,1.3180,0.0000,1.3578,1.0000,1.0000,0.0009
237,,1.2399,1.3389,1.3252,0.0000,1.3534,1.0000,1.0000,0.0009
238,,1.2463,1.3461,1.3323,0.0000,1.3544,1.0000,1.0000,0.0009
239,,1.2528,1.3535,1.3395,0.0000,1.3450,1.0000,1.0000,0.0009
240,,1.2591,1.3609,1.3467,0.0000,1.3510,1.0000,1.0000,0.0009
241,,1.2654,1.3682,1.3538,0.0000,1.3441,1.0000,1.0000,0.0009
242,,1.2719,1.3753,1.3610,0.0000,1.3419,1.0000,1.0000,0.0009
243,,1.2782,1.3826,1.3682,0.0000,1.3408,1.0000,1.0000,0.0009
244,,1.2845,1.3900,1.3753,0.0000,1.3406,1.0000,1.0000,0.0009
245,,1.2910,1.3974,1.3825,0.0000,1.3402,1.0000,1.0000,0.0009
246,,1.2976,1.4047,1.3896,0.0000,1.3408,1.0000,1.0000,0.0009
247,,1.3040,1.4120,1.3968,0.0000,1.3387,1.0000,1.0000,0.0009
248,,1.3104,1.4193,1.4040,0.0000,1.3391,1.0000,1.0000,0.0009
249,,1.3169,1.4266,1.4111,0.0000,1.3366,1.0000,1.0000,0.0009
250,,1.3234,1.4339,1.4183,0.0000,1.3376,1.0000,1.0000,0.0009
251,,1.3299,1.4412,1.4255,0.0000,1.3353,1.0000,1.0000,0.0009
252,,1.3365,1.4485,1.4326,0.0000,1.3357,1.0000,1.0000,0.0009
253,,1.3430,1.4558,1.4398,0.0000,1.3351,1.0000,1.0000,0.0009
254,,1.3495,1.4631,1.4470,0.0000,1.3354,1.0000,1.0000,0.0009
255,,1.3560,1.4704,1.4541,0.0000,1.3344,1.0000,1.0000,0.0009
256,,1.3626,1.4777,1.4613,0.0000,1.3345,1.0000,1.0000,0.0009
257,,1.3692,1.4850,1.4685,0.0000,1.3343,1.0000,1.0000,0.0009
258,,1.3758,1.4923,1.4756,0.0000,1.3339,1.0000,1.0000,0.0009
259,,1.3824,1.4996,1.4828,0.0000,1.3337,1.0000,1.0000,0.0009
260,,1.3890,1.5068,1.4900,0.0000,1.3336,1.0000,1.0000,0.0009
261,,1.3956,1.5141,1.4971,0.0000,1.3336,1.0000,1.0000,0.0009
262,,1.4022,1.5214,1.5043,0.0000,1.3333,1.0000,1.0000,0.0009
263,,1.4088,1.5287,1.5114,0.0000,1.3332,1.0000,1.0000,0.0009
264,,1.4155,1.5359,1.5186,0.0000,1.3332,1.0000,1.0000,0.0009
265,,1.4221,1.5432,1.5258,0.0000,1.3330,1.0000,1.0000,0.0009
266,,1.4288,1.5504,1.5329,0.0000,1.3329,1.0000,1.0000,0.0009
267,,1.4354,1.5577,1.5401,0.0000,1.3329,1.0000,1.0000,0.0009
268,,1.4421,1.5650,1.5473,0.0000,1.3327,1.0000,1.0000,0.0009
269,,1.4488,1.5722,1.5544,0.0000,1.3327,1.0000,1.0000,0.0009
270,,1.4555,1.5795,1.5616,0.0000,1.3328,1.0000,1.0000,0.0009
271,,1.4622,1.5867,1.5688,0.0000,1.3327,1.0000,1.0000,0.0009
272,,1.4689,1.5940,1.5759,0.0000,1.3327,1.0000,1.0000,0.0009
273,,1.4756,1.6012,1.5831,0.0000,1.3327,1.0000,1.0000,0.0009
274,,1.4823,1.6085,1.5903,0.0000,1.3327,1.0000,1.0000,0.0009
275,,1.4890,1.6157,1.5974,0.0000,1.3326,1.0000,1.0000,0.0009
276,,1.4957,1.6229,1.6046,0.0000,1.3326,1.0000,1.0000,0.0009
277,,1.5024,1.6302,1.6118,0.0000,1.3326,1.0000,1.0000,0.0009
278,,1.5092,1.6374,1.6189,0.0000,1.3325,1.0000,1.0000,0.0009
279,,1.5159,1.6446,1.6261,0.0000,1.3325,1.0000,1.0000,0.0009
280,,1.5227,1.6519,1.6332,0.0000,1.3325,1.0000,1.0000,0.0009
281,,1.5294,1.6591,1.6404,0.0000,1.3325,1.0000,1.0000,0.0009
282,,1.5362,1.6663,1.6476,0.0000,1.3325,1.0000,1.0000,0.0009
283,,1.5430,1.6735,1.6547,0.0000,1.3325,1.0000,1.0000,0.0009
284,,1.5497,1.6808,1.6619,0.0000,1.3325,1.0000,1.0000,0.0009
285,,1.5565,1.6880,1.6691,0.0000,1.3325,1.0000,1.0000,0.0009
286,,1.5633,1.6952,1.6762,0.0000,1.3325,1.0000,1.0000,0.0009
287,,1.5701,1.7024,1.6834,0.0000,1.3325,1.0000,1.0000,0.0009
288,,1.5769,1.7096,1.6906,0.0000,1.3325,1.0000,1.0000,0.0009
289,,1.5837,1.7168,1.6977,0.0000,1.3325,1.0000,1.0000,0.0009
290,,1.5905,1.7240,1.7049,0.0000,1.3325,1.0000,1.0000,0.0009
291,,1.5973,1.7312,1.7121,0.0000,1.3325,1.0000,1.0000,0.0009
292,,1.6041,1.7384,1.7192,0.0000,1.3325,1.0000,1.0000,0.0009
293,,1.6110,1.7457,1.7264,0.0000,1.3325,1.0000,1.0000,0.0009
294,,1.6178,1.7529,1.7336,0.0000,1.3325,1.0000,1.0000,0.0009
295,,1.6246,1.7601,1.7407,0.0000,1.3324,1.0000,1.0000,0.0009
296,,1.6314,1.7673,1.7479,0.0000,1.3324,1.0000,1.0000,0.0009
297,,1.6383,1.7745,1.7551,0.0000,1.3324,1.0000,1.0000,0.0009
298,,1.6451,1.7817,1.7622,0.0000,1.3324,1.0000,1.0000,0.0009
299,,1.6520,1.7889,1.7694,0.0000,1.3324,1.0000,1.0000,0.0009
300,,1.6588,1.7961,1.7766,0.0000,1.3324,1.0000,1.0000,0.0009
301,,1.6657,1.8032,1.7837,0.0000,1.3324,1.0000,1.0000,0.0009
302,,1.6726,1.8104,1.7909,0.0000,1.3324,1.0000,1.0000,0.0009
303,,1.6794,1.8176,1.7981,0.0000,1.3324,1.0000,1.0000,0.0009
304,,1.6863,1.8248,1.8052,0.0000,1.3324,1.0000,1.0000,0.0009
305,,1.6932,1.8320,1.8124,0.0000,1.3324,1.0000,1.0000,0.0009
306,,1.7000,1.8392,1.8196,0.0000,1.3324,1.0000,1.0000,0.0009
307,,1.7069,1.8464,1.8267,0.0000,1.3324,1.0000,1.0000,0.0009
308,,1.7138,1.8536,1.8339,0.0000,1.3324,1.0000,1.0000,0.0009
309,,1.7207,1.8608,1.8411,0.0000,1.3324,1.0000,1.0000,0.0009
310,,1.7276,1.8679,1.8482,0.0000,1.3324,1.0000,1.0000,0.0009
311,,1.7345,1.8752,1.8554,0.0000,1.3324,1.0000,1.0000,0.0009
312,,1.7414,1.8825,1.8626,0.0000,1.3324,1.0000,1.0000,0.0009
313,,1.7483,1.8899,1.8697,0.0000,1.3324,1.0000,1.0000,0.0009
314,,1.7552,1.8972,1.8769,0.0000,1.3324,1.0000,1.0000,0.0009
315,,1.7621,1.9045,1.8841,0.0000,1.3324,1.0000,1.0000,0.0009
316,,1.7690,1.9119,1.8912,0.0000,1.3324,1.0000,1.0000,0.0009
317,,1.7759,1.9192,1.8984,0.0000,1.3324,1.0000,1.0000,0.0009
318,,1.7828,1.9265,1.9056,0.0000,1.3324,1.0000,1.0000,0.0009
319,,1.7898,1.9338,1.9127,0.0000,1.3324,1.0000,1.0000,0.0009
320,,1.7967,1.9412,1.9199,0.0000,1.3324,1.0000,1.0000,0.0009
321,,1.8036,1.9485,1.9271,0.0000,1.3324,1.0000,1.0000,0.0009
322,,1.8105,1.9558,1.9342,0.0000,1.3324,1.0000,1.0000,0.0009
323,,1.8175,1.9631,1.9414,0.0000,1.3324,1.0000,1.0000,0.0009
324,,1.8244,1.9704,1.9486,0.0000,1.3324,1.0000,1.0000,0.0009
325,,1.8314,1.9778,1.9557,0.0000,1.3324,1.0000,1.0000,0.0009
326,,1.8383,1.9851,1.9629,0.0000,1.3324,1.0000,1.0000,0.0009
327,,1.8452,1.9924,1.9701,0.0000,1.3324,1.0000,1.0000,0.0009
328,,1.8522,1.9997,1.9772,0.0000,1.3324,1.0000,1.0000,0.0009
329,,1.8591,2.0070,1.9844,0.0000,1.3324,1.0000,1.0000,0.0009
330,,1.8661,2.0143,1.9916,0.0000,1.3324,1.0000,1.0000,0.0009
331,,1.8730,2.0216,1.9987,0.0000,1.3324,1.0000,1.0000,0.0009
332,,1.8800,2.0289,2.0059,0.0000,1.3324,1.0000,1.0000,0.0009
333,,1.8870,2.0363,2.0131,0.0000,1.3324,1.0000,1.0000,0.0009
334,,1.8939,2.0436,2.0202,0.0000,1.3324,1.0000,1.0000,0.0009
335,,1.9009,2.0509,2.0274,0.0000,1.3324,1.0000,1.0000,0.0009
336,,1.9079,2.0582,2.0346,0.0000,1.3324,1.0000,1.0000,0.0009
337,,1.9148,2.0655,2.0417,0.0000,1.3324,1.0000,1.0000,0.0009
338,,1.9218,2.0728,2.0489,0.0000,1.3324,1.0000,1.0000,0.0009
339,,1.9288,2.0801,2.0561,0.0000,1.3324,1.0000,1.0000,0.0009
340,,1.9358,2.0874,2.0632,0.0000,1.3324,1.0000,1.0000,0.0009
341,,1.9427,2.0947,2.0704,0.0000,1.3324,1.0000,1.0000,0.0009
342,,1.9497,2.1020,2.0776,0.0000,1.3324,1.0000,1.0000,0.0009
343,,1.9567,2.1093,2.0847,0.0000,1.3324,1.0000,1.0000,0.0009
344,,1.9637,2.1166,2.0919,0.0000,1.3324,1.0000,1.0000,0.0009
345,,1.9707,2.1239,2.0991,0.0000,1.3324,1.0000,1.0000,0.0009
346,,1.9777,2.1311,2.1062,0.0000,1.3324,1.0000,1.0000,0.0009
347,,1.9847,2.1384,2.1134,0.0000,1.3324,1.0000,1.0000,0.0009
348,,1.9917,2.1457,2.1205,0.0000,1.3324,1.0000,1.0000,0.0009
349,,1.9987,2.1530,2.1277,0.0000,1.3324,1.0000,1.0000,0.0009
350,,2.0057,2.1603,2.1349,0.0000,1.3324,1.0000,1.0000,0.0009
351,,2.0127,2.1676,2.1420,0.0000,1.3324,1.0000,1.0000,0.0009
352,,2.0197,2.1749,2.1492,0.0000,1.3324,1.0000,1.0000,0.0009
353,,2.0267,2.1822,2.1564,0.0000,1.3324,1.0000,1.0000,0.0009
354,,2.0337,2.1895,2.1635,0.0000,1.3324,1.0000,1.0000,0.0009
355,,2.0407,2.1968,2.1707,0.0000,1.3324,1.0000,1.0000,0.0009
356,,2.0477,2.2040,2.1779,0.0000,1.3324,1.0000,1.0000,0.0009
357,,2.0547,2.2113,2.1850,0.0000,1.3324,1.0000,1.0000,0.0009
358,,2.0617,2.2186,2.1922,0.0000,1.3324,1.0000,1.0000,0.0009
359,,2.0687,2.2259,2.1994,0.0000,1.3324,1.0000,1.0000,0.0009
360,,2.0757,2.2332,2.2065,0.0000,1.3324,1.0000,1.0000,0.0009
361,,2.0828,2.2404,2.2137,0.0000,1.3324,1.0000,1.0000,0.0009
362,,2.0898,2.2477,2.2209,0.0000,1.3324,1.0000,1.0000,0.0009
363,,2.0968,2.2550,2.2280,0.0000,1.3324,1.0000,1.0000,0.0009
364,,2.1038,2.2623,2.2352,0.0000,1.3324,1.0000,1.0000,0.0009
365,,2.1109,2.2695,2.2424,0.0000,1.3324,1.0000,1.0000,0.0009
366,,2.1179,2.2768,2.2495,0.0000,1.3324,1.0000,1.0000,0.0009
367,,2.1249,2.2841,2.2567,0.0000,1.3324,1.0000,1.0000,0.0009
368,,2.1320,2.2914,2.2639,0.0000,1.3324,1.0000,1.0000,0.0009
369,,2.1390,2.2986,2.2710,0.0000,1.3324,1.0000,1.0000,0.0009
370,,2.1460,2.3059,2.2782,0.0000,1.3324,1.0000,1.0000,0.0009
371,,2.1531,2.3132,2.2854,0.0000,1.3324,1.0000,1.0000,0.0009
372,,2.1601,2.3204,2.2925,0.0000,1.3324,1.0000,1.0000,0.0009
373,,2.1671,2.3277,2.2997,0.0000,1.3324,1.0000,1.0000,0.0009
374,,2.1742,2.3350,2.3069,0.0000,1.3324,1.0000,1.0000,0.0009
375,,2.1812,2.3422,2.3140,0.0000,1.3324,1.0000,1.0000,0.0009
376,,2.1883,2.3495,2.3212,0.0000,1.3324,1.0000,1.0000,0.0009
377,,2.1953,2.3568,2.3284,0.0000,1.3324,1.0000,1.0000,0.0009
378,,2.2023,2.3640,2.3355,0.0000,1.3324,1.0000,1.0000,0.0009
379,,2.2094,2.3713,2.3427,0.0000,1.3324,1.0000,1.0000,0.0009
380,,2.2164,2.3785,2.3499,0.0000,1.3324,1.0000,1.0000,0.0009
381,,2.2235,2.3858,2.3570,0.0000,1.3324,1.0000,1.0000,0.0009
382,,2.2305,2.3930,2.3642,0.0000,1.3324,1.0000,1.0000,0.0009
383,,2.2376,2.4003,2.3714,0.0000,1.3324,1.0000,1.0000,0.0009
384,,2.2447,2.4076,2.3785,0.0000,1.3324,1.0000,1.0000,0.0009
385,,2.2517,2.4148,2.3857,0.0000,1.3324,1.0000,1.0000,0.0009
386,,2.2588,2.4221,2.3929,0.0000,1.3324,1.0000,1.0000,0.0009
387,,2.2658,2.4293,2.4000,0.0000,1.3324,1.0000,1.0000,0.0009
388,,2.2729,2.4366,2.4072,0.0000,1.3324,1.0000,1.0000,0.0009
389,,2.2799,2.4438,2.4144,0.0000,1.3324,1.0000,1.0000,0.0009
390,,2.2870,2.4511,2.4215,0.0000,1.3324,1.0000,1.0000,0.0009
391,,2.2941,2.4583,2.4287,0.0000,1.3324,1.0000,1.0000,0.0009
392,,2.3011,2.4656,2.4359,0.0000,1.3324,1.0000,1.0000,0.0009
393,,2.3082,2.4728,2.4430,0.0000,1.3324,1.0000,1.0000,0.0009
394,,2.3153,2.4801,2.4502,0.0000,1.3324,1.0000,1.0000,0.0009
395,,2.3223,2.4873,2.4574,0.0000,1.3324,1.0000,1.0000,0.0009
396,,2.3294,2.4946,2.4645,0.0000,1.3324,1.0000,1.0000,0.0009
397,,2.3365,2.5018,2.4717,0.0000,1.3324,1.0000,1.0000,0.0009
398,,2.3435,2.5091,2.4789,0.0000,1.3324,1.0000,1.0000,0.0009
399,,2.3506,2.5163,2.4860,0.0000,1.3324,1.0000,1.0000,0.0009
